date,return
2019-01-01,0.05819703309243063
2019-01-02,0.09281092739036656
2019-01-03,-0.03756331820274972
2019-01-04,0.03875598086124388
2019-01-05,0.005659011647035639
2019-01-06,0.0067395144932278495
2019-01-07,-0.02937735603795666
2019-01-08,-0.01165126556850149
2019-01-09,0.003387533875338855
2019-01-10,-0.15631330182309244
2019-01-11,-0.0024009603841536054
2019-01-12,-0.010429201764941887
2019-01-13,-0.07450344548034049
2019-01-14,0.0
2019-01-15,-0.0630169358014967
2019-01-16,0.021269440941572126
2019-01-17,0.0004939084622983536
2019-01-18,-0.01949975316768149
2019-01-19,0.028782411680791986
2019-01-20,-0.0418433931484502
2019-01-21,-0.0
2019-01-22,0.0
2019-01-23,-0.0
2019-01-24,-0.0
2019-01-25,-0.0
2019-01-26,0.0
2019-01-27,-0.0
2019-01-28,-0.0
2019-01-29,-0.0
2019-01-30,0.0
2019-01-31,-0.0
2019-02-01,0.0
2019-02-02,0.0
2019-02-03,-0.0
2019-02-04,0.0
2019-02-05,-0.0
2019-02-06,-0.0
2019-02-07,-0.0
2019-02-08,0.0
2019-02-09,-0.0
2019-02-10,0.0
2019-02-11,-0.03380754475703329
2019-02-12,0.0
2019-02-13,-0.0
2019-02-14,-0.0
2019-02-15,0.0
2019-02-16,0.0
2019-02-17,0.0
2019-02-18,0.08927102803738318
2019-02-19,-0.015443750428993042
2019-02-20,0.034857780256553283
2019-02-21,-0.018526003772568078
2019-02-22,0.011462694762852665
2019-02-23,0.07077904451682948
2019-02-24,-0.16281133151657268
2019-02-25,0.04367903103709314
2019-02-26,-0.011967795749619259
2019-02-27,-0.008809279107326318
2019-02-28,0.0023700192564064526
2019-03-01,-0.00014777597162707323
2019-03-02,-0.020396098137747454
2019-03-03,-0.014785757392878796
2019-03-04,-0.037901990811638475
2019-03-05,0.08810187027457217
2019-03-06,0.004973668812170873
2019-03-07,-0.004294032023289707
2019-03-08,-0.024047949711278327
2019-03-09,0.028085680047932993
2019-03-10,-0.013841334596051635
2019-03-11,-0.019945335007756637
2019-03-12,0.006783749152031504
2019-03-13,-0.014374485288612626
2019-03-14,0.004177744018230012
2019-03-15,0.032980332829047
2019-03-16,0.03192735793790269
2019-03-17,-0.015966505818904353
2019-03-18,-0.007788274320328692
2019-03-19,0.006977251253724948
2019-03-20,0.0033201010465533365
2019-03-21,-0.029925904611179055
2019-03-22,0.008379681127178351
2019-03-23,0.00956022944550683
2019-03-24,-0.008668414918414857
2019-03-25,-0.015504445587478988
2019-03-26,0.001492760113449787
2019-03-27,0.039275599940378436
2019-03-28,-0.011401936177841354
2019-03-29,0.03909763528217014
2019-03-30,-0.005514834205933572
2019-03-31,-0.007581075389583081
2019-04-01,-0.0009902390720044618
2019-04-02,0.1562588501840838
2019-04-03,-0.020513134529422494
2019-04-04,-0.01625406351587888
2019-04-05,0.047089476359938987
2019-04-06,0.004430418158645422
2019-04-07,0.0526283987915408
2019-04-08,0.025888295735032374
2019-04-09,-0.02305282005371534
2019-04-10,0.014432989690721598
2019-04-11,-0.07367886178861793
2019-04-12,-0.005363564332297122
2019-04-13,-0.0012255652919909155
2019-04-14,0.026013865881342246
2019-04-15,-0.043532858936793595
2019-04-16,0.03388558924663965
2019-04-17,0.0022978774868476215
2019-04-18,0.04573152337858222
2019-04-19,-0.003980845785496068
2019-04-20,0.0013901760889714065
2019-04-21,-0.024814900509023574
2019-04-22,0.0114478913340057
2019-04-23,-0.00797560403471742
2019-04-24,-0.02589264601560648
2019-04-25,-0.06105109843427603
2019-04-26,0.020876421923474497
2019-04-27,0.008610319721430892
2019-04-28,-0.009164522001129938
2019-04-29,-0.017358251504592803
2019-04-30,0.043324092579459794
2019-05-01,-0.010134091330408546
2019-05-02,0.010112990823397228
2019-05-03,0.03862554848278843
2019-05-04,-0.025943115553968887
2019-05-05,-0.003970678069639466
2019-05-06,0.06102422569763877
2019-05-07,-0.02208092485549129
2019-05-08,0.009871143161130025
2019-05-09,0.00029265437518288806
2019-05-10,0.011761263897015706
2019-05-11,0.09999421664449715
2019-05-12,-0.010988433228180772
2019-05-13,0.041092977513157214
2019-05-14,0.10498366013071903
2019-05-15,0.14648798521256934
2019-05-16,0.06509471987101967
2019-05-17,-0.07549668874172177
2019-05-18,-0.04379860826852233
2019-05-19,0.11091609589041096
2019-05-20,-0.03522022272744785
2019-05-21,0.012221911570875044
2019-05-22,-0.03862999644872356
2019-05-23,0.003776063043835265
2019-05-24,0.01762348707883543
2019-05-25,0.0054245188250894305
2019-05-26,0.056869954440092574
2019-05-27,0.022991113632066407
2019-05-28,0.0018482238568735543
2019-05-29,-0.00811718259971217
2019-05-30,-0.05308187330283076
2019-05-31,0.052404148334380896
2019-06-01,-0.013325867861142204
2019-06-02,0.01721333182007334
2019-06-03,-0.07055191907170488
2019-06-04,-0.034092273218358615
2019-06-05,0.017564936409959042
2019-06-06,0.012742743150266689
2019-06-07,4.019938896937525e-05
2019-06-08,-0.022189170719942197
2019-06-09,-0.05044193216855086
2019-06-10,0.06723525846393619
2019-06-11,-0.009005719849093374
2019-06-12,0.06901633304678856
2019-06-13,-0.024813325674899467
2019-06-14,0.03062787136294043
2019-06-15,0.02038328189888361
2019-06-16,-0.00033604659846153684
2019-06-17,0.020281627012288528
2019-06-18,-0.03111729389368867
2019-06-19,0.013148945817274882
2019-06-20,0.01148653688371759
2019-06-21,0.08528132143647227
2019-06-22,0.055851877017156326
2019-06-23,-0.007303967309115644
2019-06-24,0.010112796577207428
2019-06-25,0.021242459247850176
2019-06-26,0.06639225790234393
2019-06-27,-0.12092283214001576
2019-06-28,0.04256745433216014
2019-06-29,0.021122006108342584
2019-06-30,-0.07845853535671565
2019-07-01,0.008097027673385826
2019-07-02,-0.012166604534517123
2019-07-03,0.033141210374639574
2019-07-04,-0.06113435611343554
2019-07-05,0.016765111590563375
2019-07-06,0.002852471562249992
2019-07-07,0.056991224114606887
2019-07-08,0.02379233394591762
2019-07-09,-0.014456518254960526
2019-07-10,-0.05929226566057366
2019-07-11,-0.07122359367977049
2019-07-12,0.0
2019-07-13,-0.0
2019-07-14,-0.0
2019-07-15,0.0
2019-07-16,-0.0
2019-07-17,0.0
2019-07-18,0.0
2019-07-19,-0.0
2019-07-20,0.0
2019-07-21,-0.0
2019-07-22,-0.0
2019-07-23,-0.0
2019-07-24,0.0
2019-07-25,0.0
2019-07-26,-0.0
2019-07-27,-0.0
2019-07-28,0.0
2019-07-29,-0.0
2019-07-30,-0.0
2019-07-31,0.0
2019-08-01,-0.0
2019-08-02,0.0
2019-08-03,0.0
2019-08-04,-0.0
2019-08-05,0.0
2019-08-06,-0.0
2019-08-07,-0.0
2019-08-08,-0.0
2019-08-09,-0.0
2019-08-10,-0.0
2019-08-11,0.0
2019-08-12,-0.0
2019-08-13,-0.0
2019-08-14,-0.0
2019-08-15,0.0
2019-08-16,-0.0
2019-08-17,0.0
2019-08-18,0.0
2019-08-19,0.0
2019-08-20,-0.0
2019-08-21,-0.0
2019-08-22,0.0
2019-08-23,0.0
2019-08-24,-0.0
2019-08-25,-0.0
2019-08-26,0.0
2019-08-27,-0.0
2019-08-28,-0.0
2019-08-29,-0.0
2019-08-30,-0.0
2019-08-31,0.0
2019-09-01,-0.0
2019-09-02,0.0
2019-09-03,0.0
2019-09-04,-0.0
2019-09-05,-0.0
2019-09-06,-0.0
2019-09-07,0.0
2019-09-08,0.0
2019-09-09,-0.0
2019-09-10,-0.0
2019-09-11,-0.0
2019-09-12,0.0
2019-09-13,0.0
2019-09-14,0.0
2019-09-15,0.0
2019-09-16,0.0
2019-09-17,0.05384849406753878
2019-09-18,0.01140300230946889
2019-09-19,0.047714190571333415
2019-09-20,-0.010034507809662196
2019-09-21,-0.013667843874696106
2019-09-22,-0.017902813299232823
2019-09-23,-0.04692234848484844
2019-09-24,-0.17626310298574188
2019-09-25,0.0
2019-09-26,-0.0
2019-09-27,0.0
2019-09-28,-0.0
2019-09-29,-0.0
2019-09-30,0.0
2019-10-01,-0.0
2019-10-02,0.0
2019-10-03,-0.0
2019-10-04,0.0
2019-10-05,0.0
2019-10-06,-0.0
2019-10-07,0.0
2019-10-08,0.0
2019-10-09,0.0
2019-10-10,-0.0076835219603365035
2019-10-11,-0.05451501517212509
2019-10-12,-0.0
2019-10-13,0.0
2019-10-14,0.0
2019-10-15,-0.033365467009425775
2019-10-16,-0.0
2019-10-17,0.0
2019-10-18,-0.0
2019-10-19,-0.0
2019-10-20,0.0
2019-10-21,-0.0
2019-10-22,-0.0
2019-10-23,-0.0
2019-10-24,-0.0
2019-10-25,0.0
2019-10-26,-0.0
2019-10-27,0.0
2019-10-28,-0.011047619047619084
2019-10-29,0.0
2019-10-30,-0.038485771290559745
2019-10-31,-0.005187571670397961
2019-11-01,0.0
2019-11-02,0.0
2019-11-03,-0.0
2019-11-04,0.0
2019-11-05,0.015992676754079005
2019-11-06,0.013143947424210323
2019-11-07,-0.023435865243774834
2019-11-08,-0.015748875080351388
2019-11-09,0.0062588440187218985
2019-11-10,0.022013088863648722
2019-11-11,-0.021062658763759567
2019-11-12,0.0114066385555196
2019-11-13,0.00545192153509011
2019-11-14,-0.016958162777098607
2019-11-15,-0.026606099935106986
2019-11-16,0.0
2019-11-17,0.007950869112244296
2019-11-18,-0.03057338700903056
2019-11-19,-0.0
2019-11-20,-0.0
2019-11-21,-0.0
2019-11-22,-0.0
2019-11-23,0.0
2019-11-24,-0.0
2019-11-25,0.0
2019-11-26,0.0
2019-11-27,0.0
2019-11-28,-0.0
2019-11-29,0.0
2019-11-30,-0.0
2019-12-01,-0.0
2019-12-02,-0.0
2019-12-03,-0.0
2019-12-04,-0.0
2019-12-05,0.0
2019-12-06,0.0
2019-12-07,-0.0
2019-12-08,0.0
2019-12-09,-0.0
2019-12-10,-0.0
2019-12-11,-0.0
2019-12-12,0.0
2019-12-13,-0.0
2019-12-14,-0.0
2019-12-15,0.0
2019-12-16,-0.0
2019-12-17,-0.0
2019-12-18,0.0
2019-12-19,-0.0
2019-12-20,0.0
2019-12-21,-0.0
2019-12-22,0.0
2019-12-23,-0.0
2019-12-24,-0.0
2019-12-25,-0.0
2019-12-26,0.0
2019-12-27,0.0
2019-12-28,0.0
2019-12-29,0.0
2019-12-30,-0.0
2019-12-31,-0.0
2020-01-01,0.0
2020-01-02,-0.0
2020-01-03,0.0
2020-01-04,-0.0
2020-01-05,0.0
2020-01-06,0.0
2020-01-07,-0.009365244536940653
2020-01-08,-0.014565826330532272
2020-01-09,-0.02117680500284247
2020-01-10,0.0
2020-01-11,-0.016984258492129256
2020-01-12,0.029217586739710644
2020-01-13,-0.02019926299986341
2020-01-14,0.1536425686028693
2020-01-15,0.0045882637044194485
2020-01-16,-0.013161057692307687
2020-01-17,0.03434626393033313
2020-01-18,0.025257580217839193
2020-01-19,-0.04220741931779026
2020-01-20,0.00047964506265363305
2020-01-21,0.015700844969137595
2020-01-22,-0.008378075402678764
2020-01-23,-0.0312964836080204
2020-01-24,-0.0016583747927032544
2020-01-25,-0.013473606496862245
2020-01-26,0.04683504833177432
2020-01-27,0.013225306803288372
2020-01-28,0.032690498588899164
2020-01-29,-0.010931450694602551
2020-01-30,0.06314759382915036
2020-01-31,-0.02544804808056733
2020-02-01,0.020056669814989547
2020-02-02,0.026361655773420534
2020-02-03,0.00663341116535765
2020-02-04,-0.004111972165111499
2020-02-05,0.07871473188290734
2020-02-06,0.0461772499754638
2020-02-07,0.04756320652938695
2020-02-08,-0.001253750055970948
2020-02-09,0.02438915041470513
2020-02-10,-0.02450873123550279
2020-02-11,0.06191394858450372
2020-02-12,0.12273437830073086
2020-02-13,0.009708737864077666
2020-02-14,0.06272361359570655
2020-02-15,-0.07108539365246358
2020-02-16,-0.022765025672002337
2020-02-17,0.03476917133474977
2020-02-18,0.05510546947918615
2020-02-19,-0.0854888362053714
2020-02-20,-0.005765138324627661
2020-02-21,0.032339663760896586
2020-02-22,-0.013948052927206245
2020-02-23,0.049355812975494295
2020-02-24,-0.03264354415622284
2020-02-25,-0.07099276890629702
2020-02-26,-0.09218794340617009
2020-02-27,0.017237529585138134
2020-02-28,-0.004521708591246343
2020-02-29,-0.042115011465866936
2020-03-01,0.002762303761336904
2020-03-02,0.06501078921996228
2020-03-03,-0.03474587231107473
2020-03-04,0.0015631280425170146
2020-03-05,0.018371533042004895
2020-03-06,0.07224800770645423
2020-03-07,-0.031239790918000665
2020-03-08,-0.1593390380643257
2020-03-09,0.0
2020-03-10,-0.0
2020-03-11,-0.0
2020-03-12,-0.0
2020-03-13,0.0
2020-03-14,-0.0
2020-03-15,0.0
2020-03-16,-0.0
2020-03-17,0.0
2020-03-18,0.0
2020-03-19,0.0
2020-03-20,-0.0
2020-03-21,-0.0
2020-03-22,-0.0
2020-03-23,0.0
2020-03-24,0.0
2020-03-25,-0.0
2020-03-26,0.0
2020-03-27,-0.0
2020-03-28,-0.0
2020-03-29,-0.0
2020-03-30,0.0
2020-03-31,0.0
2020-04-01,0.0
2020-04-02,0.0
2020-04-03,0.0
2020-04-04,0.0
2020-04-05,-0.0
2020-04-06,0.0
2020-04-07,-0.0
2020-04-08,0.0
2020-04-09,-0.0
2020-04-10,-0.0
2020-04-11,0.0
2020-04-12,0.0
2020-04-13,-0.0
2020-04-14,0.0
2020-04-15,-0.0
2020-04-16,0.0
2020-04-17,-0.009286667827500095
2020-04-18,0.09789677192571333
2020-04-19,-0.039327641408751335
2020-04-20,-0.05460201077598181
2020-04-21,0.0031727379553467827
2020-04-22,0.07004802623872552
2020-04-23,0.015380405035577471
2020-04-24,0.011212333566923638
2020-04-25,0.035289727597419995
2020-04-26,0.016322537459451114
2020-04-27,-0.0052690242172458435
2020-04-28,-0.0005093205663644351
2020-04-29,0.09743171626579694
2020-04-30,-0.043090638930163405
2020-05-01,0.028823757763975166
2020-05-02,0.008867088010565016
2020-05-03,-0.018887330528284174
2020-05-04,-0.01610597541217962
2020-05-05,-0.00576327005036803
2020-05-06,-0.03078571776511274
2020-05-07,0.0654872593858371
2020-05-08,-0.003254716981132111
2020-05-09,-0.005868155790071494
2020-05-10,-0.10724996429761513
2020-05-11,-0.009651274394795739
2020-05-12,0.02169816400150748
2020-05-13,0.05174957841483985
2020-05-14,0.018589036977652906
2020-05-15,-0.04146785380490914
2020-05-16,0.02868726265010757
2020-05-17,0.032676477924669545
2020-05-18,0.03821256038647336
2020-05-19,-0.0015355264994648676
2020-05-20,-0.0214372262093393
2020-05-21,-0.05352890751500139
2020-05-22,0.04337325148435145
2020-05-23,-0.0036651234567902646
2020-05-24,-0.03242981606969986
2020-05-25,0.02126063031515768
2020-05-26,-0.01596865050208185
2020-05-27,0.03683607944646328
2020-05-28,0.05722790340390804
2020-05-29,0.0020889151264700256
2020-05-30,0.10418271627316811
2020-05-31,-0.04961832061068705
2020-06-01,0.07194368873342838
2020-06-02,-0.04238005075937634
2020-06-03,0.02864835303521107
2020-06-04,-0.0053574349746442484
2020-06-05,-0.013075120266436424
2020-06-06,0.007957338666000124
2020-06-07,0.0108291311895512
2020-06-08,0.0075237160614982646
2020-06-09,-0.010551948051948035
2020-06-10,0.016324856439704716
2020-06-11,-0.06969892646702724
2020-06-12,0.03054097436119907
2020-06-13,0.0023573984424332117
2020-06-14,-0.02662634916635165
2020-06-15,-0.003926306251887612
2020-06-16,0.019232435242138024
2020-06-17,-0.006289842753931185
2020-06-18,-0.010905824993584723
2020-06-19,-0.009815367319583213
2020-06-20,-0.0004803493449782037
2020-06-21,-0.0037135742059504206
2020-06-22,0.06617260129801794
2020-06-23,4.113025953200733e-05
2020-06-24,-0.035206054125195285
2020-06-25,-0.00886691107511306
2020-06-26,-0.012301075268817296
2020-06-27,-0.03788538582128542
2020-06-28,0.0
2020-06-29,0.013337482772417975
2020-06-30,-0.010222436713026029
2020-07-01,0.023891843971631355
2020-07-02,-0.01961123858175684
2020-07-03,-0.007021107480349786
2020-07-04,0.0
2020-07-05,-0.007025352358511094
2020-07-06,0.0
2020-07-07,-0.00914735099337749
2020-07-08,0.03158026651071477
2020-07-09,-0.02012553148410612
2020-07-10,-0.0029754525167369206
2020-07-11,-0.00857995523501609
2020-07-12,0.015050796437978242
2020-07-13,-0.01355080522262031
2020-07-14,0.003924843423799507
2020-07-15,-0.007611046414905953
2020-07-16,-0.02112233351494075
2020-07-17,-0.0
2020-07-18,0.0
2020-07-19,0.0
2020-07-20,-0.012964744259964078
2020-07-21,0.0
2020-07-22,0.07390366057249897
2020-07-23,0.04383104572685226
2020-07-24,0.013984743915728126
2020-07-25,0.09353394232491508
2020-07-26,0.018803642796304754
2020-07-27,0.03514469453376212
2020-07-28,-0.016028329139875175
2020-07-29,0.0029674527259526684
2020-07-30,0.054011519939567654
2020-07-31,0.03422223549437087
2020-08-01,0.1174313516010741
2020-08-02,-0.03767441860465115
2020-08-03,0.036303098652059385
2020-08-04,0.00950925014250914
2020-08-05,0.028515695182361966
2020-08-06,-0.014848273108404975
2020-08-07,-0.03908605010512456
2020-08-08,0.046633626825539176
2020-08-09,-0.01735385235372644
2020-08-10,0.013584866970830944
2020-08-11,-0.041573942949625686
2020-08-12,0.021583113456464353
2020-08-13,0.09649258742703659
2020-08-14,0.0319640081028878
2020-08-15,-0.013215859030836996
2020-08-16,0.0030070318282753306
2020-08-17,-0.006295835062958388
2020-08-18,-0.020747754647357786
2020-08-19,-0.034340561677923986
2020-08-20,0.020811858832768815
2020-08-21,-0.06724527576092698
2020-08-22,0.018738562259968505
2020-08-23,-0.011461390547515493
2020-08-24,0.04343374881625772
2020-08-25,-0.06070937990580849
2020-08-26,0.0075209568328415966
2020-08-27,-0.006583551489074968
2020-08-28,0.030892060427375023
2020-08-29,0.008959530257396597
2020-08-30,0.07598143735105989
2020-08-31,0.01130694269594823
2020-09-01,0.09592198990294842
2020-09-02,-0.07551535549011357
2020-09-03,-0.13219567690557454
2020-09-04,0.010120608285264954
2020-09-05,-0.1304313969786638
2020-09-06,0.0
2020-09-07,0.0
2020-09-08,-0.0
2020-09-09,0.0
2020-09-10,0.0
2020-09-11,0.0
2020-09-12,0.0
2020-09-13,-0.05508277889524982
2020-09-14,0.0
2020-09-15,-0.0
2020-09-16,0.0
2020-09-17,0.0
2020-09-18,-0.0
2020-09-19,0.0
2020-09-20,-0.0
2020-09-21,-0.0
2020-09-22,0.0
2020-09-23,-0.0
2020-09-24,0.0
2020-09-25,0.0
2020-09-26,0.0
2020-09-27,0.0
2020-09-28,-0.0
2020-09-29,0.0
2020-09-30,0.0
2020-10-01,-0.0
2020-10-02,-0.0
2020-10-03,0.0
2020-10-04,0.0
2020-10-05,0.0
2020-10-06,-0.0
2020-10-07,0.0
2020-10-08,0.0
2020-10-09,0.0
2020-10-10,0.0
2020-10-11,0.0
2020-10-12,0.03300726961727585
2020-10-13,-0.014152285839952317
2020-10-14,-0.006167331513751928
2020-10-15,-0.002772716469935821
2020-10-16,-0.03214701832432998
2020-10-17,0.0
2020-10-18,0.0
2020-10-19,0.003147232286900614
2020-10-20,-0.028420775112048546
2020-10-21,0.05931835449907741
2020-10-22,0.06045391669655209
2020-10-23,-0.01176385332624763
2020-10-24,0.007406321038351482
2020-10-25,-0.01523754064152949
2020-10-26,-0.032868476814665204
2020-10-27,0.027845714868032223
2020-10-28,-0.03772462510843966
2020-10-29,-0.00283337197022393
2020-10-30,-0.011985637899413648
2020-10-31,0.010379356323040989
2020-11-01,0.026419293070434335
2020-11-02,-0.03441147553381918
2020-11-03,0.012688632447391823
2020-11-04,0.03766628854284826
2020-11-05,0.03528037963676112
2020-11-06,0.0941227291271689
2020-11-07,-0.04540369809830902
2020-11-08,0.043863881804186544
2020-11-09,-0.02196786264582884
2020-11-10,0.013548793662225389
2020-11-11,0.028311942088200093
2020-11-12,-0.0015115852210153546
2020-11-13,0.030363978459741814
2020-11-14,-0.032617593350544705
2020-11-15,-0.027794050641150814
2020-11-16,0.027829851812176454
2020-11-17,0.04690044511996527
2020-11-18,-0.0077569221196721605
2020-11-19,-0.014966242344432668
2020-11-20,0.08248275862068977
2020-11-21,0.08278444287618614
2020-11-22,0.013904227392051993
2020-11-23,0.08669178436869474
2020-11-24,-0.005931841335568011
2020-11-25,-0.05863100649618991
2020-11-26,-0.08721685689201042
2020-11-27,-0.0022122617009409096
2020-11-28,0.0363229737024755
2020-11-29,0.07214615270129476
2020-11-30,0.07003296893978828
2020-12-01,-0.05091946939966918
2020-12-02,0.019871510098075973
2020-12-03,0.031764646752332926
2020-12-04,-0.07893155800925555
2020-12-05,0.052111980819406156
2020-12-06,0.007942359249329733
2020-12-07,-0.017056222362602624
2020-12-08,-0.06145988364226751
2020-12-09,0.03270623851227161
2020-12-10,-0.024603465424278936
2020-12-11,-0.026046977584572306
2020-12-12,0.043366456661095176
2020-12-13,0.039891556932610595
2020-12-14,-0.007465718638903107
2020-12-15,0.004008255300278041
2020-12-16,0.0824612666485458
2020-12-17,0.0086631721020749
2020-12-18,0.017348685234168215
2020-12-19,0.006392903571155406
2020-12-20,-0.030165797911949288
2020-12-21,-0.047948854555141085
2020-12-22,0.04751637644425433
2020-12-23,-0.0799591484012886
2020-12-24,0.04568276521620329
2020-12-25,0.023697146870049757
2020-12-26,0.016942662965444555
2020-12-27,0.07478350903614461
2020-12-28,0.06612076892761731
2020-12-29,0.0021768595720212947
2020-12-30,0.027554644808743145
2020-12-31,-0.020939415291755803
2021-01-01,-0.010197984845604413
2021-01-02,0.06262775925697261
2021-01-03,0.26301384011567874
2021-01-04,0.06455207098172311
2021-01-05,0.055817481731849306
2021-01-06,0.0990032376587
2021-01-07,0.013612816735902866
2021-01-08,-0.006482320572795297
2021-01-09,0.048540178974961545
2021-01-10,-0.017045454545454586
2021-01-11,-0.13333864859477773
2021-01-12,-0.03390033210366039
2021-01-13,0.07592176430258246
2021-01-14,0.09003531317207858
2021-01-15,-0.05122521556973736
2021-01-16,0.05074752038886454
2021-01-17,0.0037627358836322955
2021-01-18,0.02109619051482814
2021-01-19,0.08495371290079046
2021-01-20,0.008517900041014936
2021-01-21,-0.19319675524150504
2021-01-22,0.10950889320947632
2021-01-23,0.00079505443689043
2021-01-24,0.1288180933852141
2021-01-25,-0.05359387006197436
2021-01-26,0.036490424014326006
2021-01-27,-0.09293029861563584
2021-01-28,0.07317014115880971
2021-01-29,0.037459859064894685
2021-01-30,-0.0010511054729974711
2021-01-31,-0.04753093138855624
2021-02-01,0.04694678297969612
2021-02-02,0.10020594249619763
2021-02-03,0.10094783281631359
2021-02-04,-0.04134599787322235
2021-02-05,0.07740948943077197
2021-02-06,-0.02491871171889093
2021-02-07,-0.03861365466638833
2021-02-08,0.08595698737915902
2021-02-09,0.010844784732737311
2021-02-10,-0.016024825761815187
2021-02-11,0.025758567998253712
2021-02-12,0.03060001568082793
2021-02-13,-0.01374805733972373
2021-02-14,-0.008011195839026763
2021-02-15,-0.011758367492029631
2021-02-16,0.0015399747084445803
2021-02-17,0.03809785689033052
2021-02-18,0.048505849028045
2021-02-19,0.007934584787663512
2021-02-20,-0.02148337595907923
2021-02-21,0.010731834814427632
2021-02-22,-0.0806555884832405
2021-02-23,-0.11233812261614096
2021-02-24,0.02883597715937114
2021-02-25,-0.08724952106394646
2021-02-26,-0.0
2021-02-27,0.0
2021-02-28,-0.0
2021-03-01,0.0
2021-03-02,-0.05292191660402834
2021-03-03,0.0
2021-03-04,-0.018154099343620222
2021-03-05,-0.007094456319068687
2021-03-06,0.0
2021-03-07,0.045935710606840985
2021-03-08,0.06199888770450013
2021-03-09,0.02036352131269159
2021-03-10,-0.040304515880695724
2021-03-11,0.01707963813004154
2021-03-12,-0.032687399358082625
2021-03-13,0.08847177396523409
2021-03-14,-0.03862460009883739
2021-03-15,-0.029554677777176463
2021-03-16,0.006490175524678232
2021-03-17,0.010226466938486167
2021-03-18,-0.026047664484146527
2021-03-19,0.01859150488716721
2021-03-20,-0.0016582831242053508
2021-03-21,-0.012801063064060592
2021-03-22,-0.0572132048592805
2021-03-23,-0.0
2021-03-24,-0.0
2021-03-25,0.0
2021-03-26,0.0
2021-03-27,0.0
2021-03-28,-0.0
2021-03-29,0.0
2021-03-30,0.013056353688474909
2021-03-31,0.04287515077752291
2021-04-01,0.025362488733282396
2021-04-02,0.08416452834023525
2021-04-03,-0.05866362967441385
2021-04-04,0.03344253480174464
2021-04-05,0.015267212348664794
2021-04-06,0.0022919454488512514
2021-04-07,-0.07041913446106207
2021-04-08,0.05958328876937258
2021-04-09,-0.006532209222960383
2021-04-10,0.03223231262730608
2021-04-11,0.008375947391363603
2021-04-12,-0.006354120184441481
2021-04-13,0.07554884010310192
2021-04-14,0.0580247826408431
2021-04-15,0.03347858258653291
2021-04-16,-0.03634389269860461
2021-04-17,-0.04336950554553454
2021-04-18,-0.03536416983085955
2021-04-19,-0.033332736934390095
2021-04-20,0.0781585474198565
2021-04-21,0.011600709003746656
2021-04-22,0.017343639958253165
2021-04-23,-0.012740101920815428
2021-04-24,-0.06506743713541074
2021-04-25,0.048406262001039035
2021-04-26,0.09140741826079846
2021-04-27,0.05272447287372661
2021-04-28,0.030797447986407045
2021-04-29,0.0032020493115594295
2021-04-30,0.005578446449815866
2021-05-01,0.06216590559871871
2021-05-02,0.001626612604719524
2021-05-03,0.16323790667082538
2021-05-04,-0.055968452714045824
2021-05-05,0.08806703282793205
2021-05-06,-0.00979780152429166
2021-05-07,-0.0029228622271636473
2021-05-08,0.12378970723057425
2021-05-09,0.0035010459662527804
2021-05-10,0.005588756227780767
2021-05-11,0.05767281316208295
2021-05-12,-0.08392097665001375
2021-05-13,-0.027542300841439604
2021-05-14,0.09604858643700376
2021-05-15,-0.10511139849963569
2021-05-16,-0.017709258832691588
2021-05-17,-0.08363529773038159
2021-05-18,0.028197933898145067
2021-05-19,-0.27737202487652113
2021-05-20,0.0
2021-05-21,-0.0
2021-05-22,-0.0
2021-05-23,-0.0
2021-05-24,0.0
2021-05-25,0.0
2021-05-26,0.0
2021-05-27,-0.04946723328734737
2021-05-28,-0.0
2021-05-29,-0.0
2021-05-30,0.0
2021-05-31,0.0
2021-06-01,-0.0
2021-06-02,0.0
2021-06-03,0.0
2021-06-04,-0.0
2021-06-05,-0.0
2021-06-06,0.0
2021-06-07,-0.0
2021-06-08,-0.0
2021-06-09,0.0
2021-06-10,-0.0
2021-06-11,-0.0
2021-06-12,0.0
2021-06-13,0.0
2021-06-14,0.0
2021-06-15,-0.0
2021-06-16,-0.0
2021-06-17,0.0
2021-06-18,-0.0
2021-06-19,-0.0
2021-06-20,0.0
2021-06-21,-0.0
2021-06-22,-0.0
2021-06-23,0.0
2021-06-24,0.0
2021-06-25,-0.0
2021-06-26,0.0
2021-06-27,0.0
2021-06-28,0.0
2021-06-29,0.0
2021-06-30,0.0
2021-07-01,-0.0
2021-07-02,0.0
2021-07-03,0.0
2021-07-04,0.0
2021-07-05,-0.0
2021-07-06,0.0
2021-07-07,-0.0
2021-07-08,-0.0
2021-07-09,0.0
2021-07-10,-0.0
2021-07-11,0.0
2021-07-12,-0.0
2021-07-13,-0.0
2021-07-14,0.0
2021-07-15,-0.0
2021-07-16,-0.0
2021-07-17,0.0
2021-07-18,-0.0
2021-07-19,-0.0
2021-07-20,-0.0
2021-07-21,0.0
2021-07-22,0.0
2021-07-23,0.0
2021-07-24,0.0
2021-07-25,0.002306900102986509
2021-07-26,0.017485694975317267
2021-07-27,0.0320500161574091
2021-07-28,0.0006131794441377458
2021-07-29,0.03564692077013332
2021-07-30,0.033106440837292084
2021-07-31,0.02812564738952239
2021-08-01,0.009735090179964878
2021-08-02,0.020049380010877638
2021-08-03,-0.03754991503415894
2021-08-04,0.0859850779581035
2021-08-05,0.037511285314777654
2021-08-06,0.022847622382817123
2021-08-07,0.0929353502237531
2021-08-08,-0.04697640421351068
2021-08-09,0.04936168799907037
2021-08-10,-0.005967372457696851
2021-08-11,0.005996829701495399
2021-08-12,-0.03624110109159939
2021-08-13,0.09073001615254306
2021-08-14,-0.01780683377880532
2021-08-15,0.013462410669412561
2021-08-16,-0.04855023600809172
2021-08-17,-0.04284402182721936
2021-08-18,0.0009396623856137154
2021-08-19,0.05625051831948369
2021-08-20,0.03162569249902658
2021-08-21,-0.01868899970165805
2021-08-22,0.004520029906031731
2021-08-23,0.025719579987646846
2021-08-24,-0.04536202909721565
2021-08-25,0.01774100964480141
2021-08-26,-0.04142404249318998
2021-08-27,0.058272985904564756
2021-08-28,-0.008849990071636893
2021-08-29,-0.006475613965874372
2021-08-30,0.0019140863727598045
2021-08-31,0.061790168563678805
2021-09-01,0.11595124227225018
2021-09-02,-0.010713856413418932
2021-09-03,0.040226423865899585
2021-09-04,-0.013354121647186079
2021-09-05,0.01666958347917391
2021-09-06,-0.005953993251128442
2021-09-07,-0.12534474899217418
2021-09-08,0.01875926244042181
2021-09-09,-0.02116890540154337
2021-09-10,-0.06308742076480389
2021-09-11,0.01818402797255092
2021-09-12,0.041931801139198255
2021-09-13,-0.034915589813789394
2021-09-14,0.04535894196965318
2021-09-15,0.0521725964296218
2021-09-16,-0.012610867429536099
2021-09-17,-0.04713311173268908
2021-09-18,0.010538824228412791
2021-09-19,-0.031149945861615347
2021-09-20,-0.10555124946674588
2021-09-21,-0.0
2021-09-22,0.0
2021-09-23,0.0
2021-09-24,-0.0
2021-09-25,-0.0
2021-09-26,0.0
2021-09-27,-0.0
2021-09-28,-0.0
2021-09-29,0.0
2021-09-30,0.0
2021-10-01,0.0
2021-10-02,0.02352027698638337
2021-10-03,0.008846553474862295
2021-10-04,-0.009193236446413233
2021-10-05,0.03808275084088586
2021-10-06,0.01696029039021174
2021-10-07,0.0035189893954779006
2021-10-08,-0.006784725725929364
2021-10-09,0.0032808233210688265
2021-10-10,-0.0449253388981824
2021-10-11,0.037460972052181685
2021-10-12,-0.014302169322326752
2021-10-13,0.033212466990886425
2021-10-14,0.05083965825991976
2021-10-15,0.020620868308175888
2021-10-16,-0.010087904078325272
2021-10-17,0.00440996772812241
2021-10-18,-0.02648660592432761
2021-10-19,0.03526606425702816
2021-10-20,0.07328289953907996
2021-10-21,-0.02599281448637991
2021-10-22,-0.01993343186141594
2021-10-23,0.04907104375409088
2021-10-24,-0.020347386204380924
2021-10-25,0.033814022874191885
2021-10-26,-0.021052656520636703
2021-10-27,-0.050712570676167745
2021-10-28,0.09281489036206025
2021-10-29,0.031000788610412444
2021-10-30,-0.021772436064260492
2021-10-31,-0.008205557663301555
2021-11-01,0.007515377133380463
2021-11-02,0.0626147431489803
2021-11-03,0.0029325321521866954
2021-11-04,-0.01543006723364515
2021-11-05,-0.012814629152398727
2021-11-06,0.009780431983979376
2021-11-07,0.020936254980079783
2021-11-08,0.042360149070261865
2021-11-09,-0.015734258461973516
2021-11-10,-0.021881398803549224
2021-11-11,0.019491097006122615
2021-11-12,-0.011345624072896743
2021-11-13,-0.004539745276993079
2021-11-14,-0.0038283652148448644
2021-11-15,-0.013556684318599466
2021-11-16,-0.0775716620871294
2021-11-17,0.018537873893048618
2021-11-18,-0.06784364942394705
2021-11-19,0.0
2021-11-20,0.027337965334500502
2021-11-21,-0.03487172978375708
2021-11-22,-0.04047145463810775
2021-11-23,0.0
2021-11-24,-0.01614954925059453
2021-11-25,0.05984269305001244
2021-11-26,-0.10688752113329736
2021-11-27,0.0
2021-11-28,0.0
2021-11-29,0.03486790941561613
2021-11-30,0.041788445572422894
2021-12-01,-0.010217568775835573
2021-12-02,-0.015653672852638523
2021-12-03,-0.0654990567940753
2021-12-04,-0.0
2021-12-05,0.0
2021-12-06,0.0
2021-12-07,-0.009474214449844753
2021-12-08,0.0
2021-12-09,-0.07466232130018402
2021-12-10,-0.0
2021-12-11,0.0
2021-12-12,0.0
2021-12-13,-0.0
2021-12-14,0.0
2021-12-15,0.0
2021-12-16,-0.0
2021-12-17,-0.0
2021-12-18,0.0
2021-12-19,-0.0
2021-12-20,0.0
2021-12-21,0.0
2021-12-22,-0.0
2021-12-23,0.0
2021-12-24,-0.0
2021-12-25,0.0
2021-12-26,-0.0
2021-12-27,-0.0
2021-12-28,-0.0
2021-12-29,-0.0
2021-12-30,0.0
2021-12-31,-0.0
2022-01-01,0.0
2022-01-02,0.0
2022-01-03,-0.0
2022-01-04,0.0
2022-01-05,-0.0
2022-01-06,-0.0
2022-01-07,-0.0
2022-01-08,-0.0
2022-01-09,0.0
2022-01-10,-0.0
2022-01-11,0.0
2022-01-12,0.0
2022-01-13,-0.0
2022-01-14,0.0
2022-01-15,0.0
2022-01-16,0.0
2022-01-17,-0.0
2022-01-18,-0.0
2022-01-19,-0.0
2022-01-20,-0.0
2022-01-21,-0.0
2022-01-22,-0.0
2022-01-23,0.0
2022-01-24,-0.0
2022-01-25,0.0
2022-01-26,0.0
2022-01-27,-0.0
2022-01-28,0.0
2022-01-29,0.0
2022-01-30,0.0
2022-01-31,0.0
2022-02-01,0.0
2022-02-02,-0.0
2022-02-03,0.0
2022-02-04,0.0
2022-02-05,0.0
2022-02-06,0.0
2022-02-07,0.0
2022-02-08,-0.0
2022-02-09,0.0
2022-02-10,-0.05285239554369081
2022-02-11,-0.0
2022-02-12,-0.0
2022-02-13,-0.0
2022-02-14,0.0
2022-02-15,0.0
2022-02-16,-0.019230285972759664
2022-02-17,-0.07380136437882334
2022-02-18,-0.0
2022-02-19,-0.0
2022-02-20,-0.0
2022-02-21,-0.0
2022-02-22,0.0
2022-02-23,-0.0
2022-02-24,0.0
2022-02-25,0.0
2022-02-26,0.0
2022-02-27,-0.0
2022-02-28,0.0
2022-03-01,0.018959585066502305
2022-03-02,-0.009753622750165336
2022-03-03,-0.038445356767210837
2022-03-04,-0.0
2022-03-05,0.0
2022-03-06,-0.0
2022-03-07,-0.0
2022-03-08,0.0
2022-03-09,0.0
2022-03-10,-0.0
2022-03-11,-0.0
2022-03-12,0.0
2022-03-13,-0.0
2022-03-14,0.0
2022-03-15,0.0
2022-03-16,0.0
2022-03-17,0.013739225109145936
2022-03-18,0.04516486955532173
2022-03-19,0.00405591169545283
2022-03-20,-0.030316791150994282
2022-03-21,0.01001265123821371
2022-03-22,0.027546426853700456
2022-03-23,0.022346142966824356
2022-03-24,0.0246245059288539
2022-03-25,-0.0027710270159061468
2022-03-26,0.01381626876930131
2022-03-27,0.04790143084260734
2022-03-28,0.011308846509793247
2022-03-29,0.02027951465981781
2022-03-30,-0.004328762450338419
2022-03-31,-0.030799311239031235
2022-04-01,0.05293294855112429
2022-04-02,-0.003310942026678587
2022-04-03,0.022690249348824132
2022-04-04,-0.0006842877870245623
2022-04-05,-0.031967609035374434
2022-04-06,-0.06999727031778769
2022-04-07,0.018519745874243654
2022-04-08,-0.010783375010458118
2022-04-09,0.020730549838835488
2022-04-10,-0.017041217466557512
2022-04-11,-0.06971502073030622
2022-04-12,0.016081940035036713
2022-04-13,0.029930705561390658
2022-04-14,-0.030882409533460775
2022-04-15,0.006148286884757548
2022-04-16,0.006163338332412449
2022-04-17,-0.023286372699637292
2022-04-18,0.022589907833175937
2022-04-19,0.015123250729817128
2022-04-20,-0.008295263672032371
2022-04-21,-0.030058126682357855
2022-04-22,-0.0
2022-04-23,-0.0
2022-04-24,-0.0
2022-04-25,0.0
2022-04-26,-0.0
2022-04-27,0.0
2022-04-28,0.0
2022-04-29,-0.0
2022-04-30,-0.0
2022-05-01,0.0
2022-05-02,0.0
2022-05-03,-0.0
2022-05-04,0.0
2022-05-05,-0.0
2022-05-06,-0.0
2022-05-07,-0.0
2022-05-08,-0.0
2022-05-09,-0.0
2022-05-10,0.0
2022-05-11,-0.0
2022-05-12,-0.0
2022-05-13,0.0
2022-05-14,0.0
2022-05-15,0.0
2022-05-16,-0.0
2022-05-17,0.0
2022-05-18,-0.0
2022-05-19,0.0
2022-05-20,-0.0
2022-05-21,0.0
2022-05-22,0.0
2022-05-23,-0.0
2022-05-24,0.0
2022-05-25,-0.0
2022-05-26,-0.0
2022-05-27,-0.0
2022-05-28,0.0
2022-05-29,0.0
2022-05-30,0.0
2022-05-31,-0.0
2022-06-01,-0.0
2022-06-02,0.0
2022-06-03,-0.0
2022-06-04,0.0
2022-06-05,0.0
2022-06-06,0.0
2022-06-07,-0.0
2022-06-08,-0.0
2022-06-09,-0.0
2022-06-10,-0.0
2022-06-11,-0.0
2022-06-12,-0.0
2022-06-13,-0.0
2022-06-14,-0.0
2022-06-15,0.0
2022-06-16,-0.0
2022-06-17,0.0
2022-06-18,-0.0
2022-06-19,0.0
2022-06-20,-0.0
2022-06-21,-0.0
2022-06-22,-0.0
2022-06-23,0.0
2022-06-24,0.0
2022-06-25,0.0
2022-06-26,-0.0
2022-06-27,-0.0
2022-06-28,-0.0
2022-06-29,-0.0
2022-06-30,-0.0
2022-07-01,-0.0
2022-07-02,0.0
2022-07-03,0.0
2022-07-04,0.0
2022-07-05,-0.0
2022-07-06,0.0
2022-07-07,0.0
2022-07-08,-0.0
2022-07-09,0.0
2022-07-10,-0.0
2022-07-11,-0.0
2022-07-12,-0.0
2022-07-13,0.0
2022-07-14,0.0
2022-07-15,0.0
2022-07-16,0.0
2022-07-17,-0.012685769074750053
2022-07-18,0.0
2022-07-19,-0.024490208976369998
2022-07-20,-0.013447274236215612
2022-07-21,0.035403987959883976
2022-07-22,-0.02550382430416709
2022-07-23,0.008728106456844742
2022-07-24,0.031659423892759664
2022-07-25,-0.0982099267697315
2022-07-26,0.0057815503994336215
2022-07-27,0.1287816053880977
2022-07-28,0.05427512929927736
2022-07-29,-0.0016468350613503269
2022-07-30,-0.014334835741833585
2022-07-31,-0.01112551561579267
2022-08-01,-0.028508092389102013
2022-08-02,0.00038643668572269085
2022-08-03,-0.007817721394804078
2022-08-04,-0.00630345577693181
2022-08-05,0.0801325903629444
2022-08-06,-0.026606249388246295
2022-08-07,0.0056725422926773295
2022-08-08,0.04520671219099026
2022-08-09,-0.04180523901972366
2022-08-10,0.0885679719984025
2022-08-11,0.01436147542310251
2022-08-12,0.04153303655481633
2022-08-13,0.012904181220254607
2022-08-14,-0.024320032265382818
2022-08-15,-0.018730849321297316
2022-08-16,-0.011790043495202851
2022-08-17,-0.022603867488690144
2022-08-18,0.006618508927354494
2022-08-19,-0.12856438780539325
2022-08-20,-0.020490860839895375
2022-08-21,0.026706174970178465
2022-08-22,0.004035522485832388
2022-08-23,0.025082171038863565
2022-08-24,-0.005314006761097945
2022-08-25,0.02327111604771326
2022-08-26,-0.11027602928423519
2022-08-27,-0.0
2022-08-28,-0.0
2022-08-29,0.0
2022-08-30,-0.0
2022-08-31,0.0
2022-09-01,0.0
2022-09-02,-0.0
2022-09-03,-0.0
2022-09-04,0.0
2022-09-05,0.0
2022-09-06,-0.0
2022-09-07,0.0
2022-09-08,0.0
2022-09-09,0.0
2022-09-10,0.03252765927727941
2022-09-11,-0.004514914436453021
2022-09-12,-0.028163591169293012
2022-09-13,-0.08271526535653728
2022-09-14,0.0
2022-09-15,-0.0
2022-09-16,-0.0
2022-09-17,0.0
2022-09-18,-0.0
2022-09-19,0.0
2022-09-20,-0.0
2022-09-21,-0.0
2022-09-22,0.0
2022-09-23,0.0
2022-09-24,-0.0
2022-09-25,-0.0
2022-09-26,0.0
2022-09-27,-0.0
2022-09-28,0.0
2022-09-29,-0.0
2022-09-30,-0.0
2022-10-01,-0.0
2022-10-02,-0.0
2022-10-03,0.0
2022-10-04,0.0
2022-10-05,-0.0
2022-10-06,-0.0
2022-10-07,-0.0
2022-10-08,-0.0
2022-10-09,0.0
2022-10-10,-0.0
2022-10-11,-0.0
2022-10-12,0.0
2022-10-13,-0.0
2022-10-14,0.0
2022-10-15,-0.0
2022-10-16,0.0
2022-10-17,0.0
2022-10-18,-0.0
2022-10-19,-0.0
2022-10-20,-0.0
2022-10-21,0.0
2022-10-22,0.0
2022-10-23,0.0
2022-10-24,-0.0
2022-10-25,0.0
2022-10-26,0.07286229054489146
2022-10-27,-0.033235425579464906
2022-10-28,0.026656979624186894
2022-10-29,0.041906575485232356
2022-10-30,-0.017974128615973473
2022-10-31,-0.01116043359070451
2022-11-01,0.00368159014173175
2022-11-02,-0.03809994425016483
2022-11-03,0.008344639540550869
2022-11-04,0.07431042253153142
2022-11-05,-0.010822116027675355
2022-11-06,-0.03607296955094719
2022-11-07,-0.00012115106262233777
2022-11-08,-0.14879790829666473
2022-11-09,-0.0
2022-11-10,0.0
2022-11-11,-0.0
2022-11-12,-0.0
2022-11-13,-0.0
2022-11-14,0.0
2022-11-15,0.0
2022-11-16,-0.0
2022-11-17,-0.0
2022-11-18,0.0
2022-11-19,0.0
2022-11-20,-0.0
2022-11-21,-0.0
2022-11-22,0.0
2022-11-23,0.0
2022-11-24,0.0
2022-11-25,-0.0
2022-11-26,0.0
2022-11-27,-0.0
2022-11-28,-0.0
2022-11-29,0.0
2022-11-30,0.0
2022-12-01,-0.0
2022-12-02,0.0
2022-12-03,-0.0
2022-12-04,0.0
2022-12-05,-0.0
2022-12-06,0.0
2022-12-07,-0.0
2022-12-08,0.0
2022-12-09,-0.0
2022-12-10,0.0
2022-12-11,-0.0
2022-12-12,0.0
2022-12-13,0.0
2022-12-14,-0.0
2022-12-15,-0.0
2022-12-16,-0.0
2022-12-17,0.0
2022-12-18,-0.0
2022-12-19,-0.0
2022-12-20,0.0
2022-12-21,-0.0
2022-12-22,0.0
2022-12-23,0.0
2022-12-24,0.0
2022-12-25,-0.0
2022-12-26,0.0
2022-12-27,-0.0
2022-12-28,-0.0
2022-12-29,0.0
2022-12-30,-0.0
2022-12-31,-0.0
2023-01-01,0.0
2023-01-02,0.0
2023-01-03,0.0
2023-01-04,0.0
2023-01-05,-0.004503142652557912
2023-01-06,0.014305808637831374
2023-01-07,-0.003994831145500255
2023-01-08,0.02063967976457004
2023-01-09,0.02343120233149376
2023-01-10,0.01153447087602899
2023-01-11,0.040258456746679494
2023-01-12,0.019094710628405176
2023-01-13,0.024916661958302777
2023-01-14,0.06801267916207276
2023-01-15,0.001690431640750889
2023-01-16,0.01572926596758828
2023-01-17,-0.00721016652504225
2023-01-18,-0.034581653966286985
2023-01-19,0.026240050812806226
2023-01-20,0.06926097131694497
2023-01-21,-0.019209897981332658
2023-01-22,0.0004795101619268216
2023-01-23,-0.000706631273656888
2023-01-24,-0.04323952062670244
2023-01-25,0.03597113054878953
2023-01-26,-0.006731019765003787
2023-01-27,-0.002167273544897541
2023-01-28,-0.01597376096944203
2023-01-29,0.046192990267794665
2023-01-30,-0.04774064886424434
2023-01-31,0.01221427659302754
2023-02-01,0.035544650009777135
2023-02-02,0.0008771502363431605
2023-02-03,0.012415404839573485
2023-02-04,0.0017192459363277734
2023-02-05,-0.022419856215269096
2023-02-06,-0.009042246258486708
2023-02-07,0.035148579251559564
2023-02-08,-0.012327726013297124
2023-02-09,-0.06366825615142735
2023-02-10,-0.02089494289319571
2023-02-11,0.016820218629796546
2023-02-12,-0.015391515167272218
2023-02-13,-0.0063307433837459515
2023-02-14,0.033529536818049044
2023-02-15,0.07662739199465207
2023-02-16,-0.02213837078785863
2023-02-17,0.034209690812289306
2023-02-18,-0.0013283191744348777
2023-02-19,-0.007016942339295951
2023-02-20,0.014002083643399388
2023-02-21,-0.02554498112454273
2023-02-22,-0.010013495927121974
2023-02-23,0.004497486519712268
2023-02-24,-0.025888653947519935
2023-02-25,-0.008222415723348697
2023-02-26,0.029336878676516687
2023-02-27,-0.004819174343227428
2023-02-28,-0.01727631699776544
2023-03-01,0.03737159160992509
2023-03-02,-0.010425048942482196
2023-03-03,-0.04758292573398215
2023-03-04,-0.0
2023-03-05,-0.0
2023-03-06,0.0
2023-03-07,-0.0
2023-03-08,-0.0
2023-03-09,-0.0
2023-03-10,-0.0
2023-03-11,0.0
2023-03-12,0.0
2023-03-13,0.0
2023-03-14,0.015506886970031886
2023-03-15,-0.029092620925032397
2023-03-16,0.01440640985235997
2023-03-17,0.0690314447372038
2023-03-18,-0.017006935789456112
2023-03-19,0.012417275022173824
2023-03-20,-0.026899836017701184
2023-03-21,0.039502995186925016
2023-03-22,-0.03714128678736206
2023-03-23,0.04581596351328754
2023-03-24,-0.03540652445983272
2023-03-25,-0.004395365718433575
2023-03-26,0.018370955519323884
2023-03-27,-0.03306875324148195
2023-03-28,0.033680810624876045
2023-03-29,0.011325500989853188
2023-03-30,0.00030115946393616255
2023-03-31,0.015560796382714237
2023-04-01,-0.00040076419693446663
2023-04-02,-0.01443329543769456
2023-04-03,0.008916082941861525
2023-04-04,0.03306250724933846
2023-04-05,0.02048792484909412
2023-04-06,-0.019007801162053584
2023-04-07,-0.004641077541777783
2023-04-08,-0.00799476316184844
2023-04-09,0.005462943931805242
2023-04-10,0.027585910098336663
2023-04-11,-0.010648099675426681
2023-04-12,0.014567216619220558
2023-04-13,0.049348332890022384
2023-04-14,0.043727416861745194
2023-04-15,-0.004471449864046906
2023-04-16,0.013426767435186227
2023-04-17,-0.02108398193206118
2023-04-18,0.014223722275795492
2023-04-19,-0.08070834323746134
2023-04-20,0.004783501316109273
2023-04-21,-0.04848222832967919
2023-04-22,0.013727971959887064
2023-04-23,-0.006488240064882467
2023-04-24,-0.010827067669172963
2023-04-25,0.013171610997698036
2023-04-26,-4.822892663836065e-05
2023-04-27,0.022866972845804634
2023-04-28,-0.009294381457342293
2023-04-29,0.008916200408262576
2023-04-30,-0.019766222874515127
2023-05-01,-0.02104711537947368
2023-05-02,0.0
2023-05-03,0.01873716632443534
2023-05-04,-0.014723481985386755
2023-05-05,0.06192097257960549
2023-05-06,-0.04864797070185123
2023-05-07,-0.013673780407418401
2023-05-08,-0.0
2023-05-09,-0.0
2023-05-10,-0.0
2023-05-11,-0.0
2023-05-12,0.0
2023-05-13,-0.0
2023-05-14,0.0
2023-05-15,0.0
2023-05-16,0.0
2023-05-17,-0.0
2023-05-18,-0.0
2023-05-19,0.0
2023-05-20,0.0
2023-05-21,-0.0
2023-05-22,0.0
2023-05-23,0.0
2023-05-24,-0.0
2023-05-25,0.0
2023-05-26,0.0
2023-05-27,0.0
2023-05-28,0.0
2023-05-29,-0.008403889680610344
2023-05-30,0.004221705590193414
2023-05-31,-0.014185068847042182
2023-06-01,-0.0
2023-06-02,0.0
2023-06-03,-0.007667778547003179
2023-06-04,-0.0010834751540648169
2023-06-05,-0.042068560483806916
2023-06-06,0.0
2023-06-07,-0.027862085066644005
2023-06-08,0.0
2023-06-09,-0.0
2023-06-10,-0.0
2023-06-11,0.0
2023-06-12,-0.0
2023-06-13,-0.0
2023-06-14,-0.0
2023-06-15,0.0
2023-06-16,0.0
2023-06-17,0.0
2023-06-18,-0.0
2023-06-19,0.0
2023-06-20,0.0
2023-06-21,0.0
2023-06-22,-0.00905188157386283
2023-06-23,0.011014898424688058
2023-06-24,-0.009336214685384925
2023-06-25,0.012714937918675506
2023-06-26,-0.0209764061512534
2023-06-27,0.01646610757570044
2023-06-28,-0.03257866827548972
2023-06-29,0.013112548002757185
2023-06-30,0.04416870501460579
2023-07-01,-0.0048040376669648
2023-07-02,0.006744608989347922
2023-07-03,0.009321386543345023
2023-07-04,-0.00988985139654519
2023-07-05,-0.013345728747030328
2023-07-06,-0.03360099667078442
2023-07-07,0.01340071607706772
2023-07-08,-0.003030610772298048
2023-07-09,-0.0013081426518839478
2023-07-10,0.009448142581060859
2023-07-11,-0.001116783663050458
2023-07-12,-0.003449928126497359
2023-07-13,0.07087754164396154
2023-07-14,-0.03325534175775391
2023-07-15,-0.0033129841110932645
2023-07-16,-0.004815135056772113
2023-07-17,-0.005676053919910884
2023-07-18,-0.007320008371703657
2023-07-19,-0.004522430305553882
2023-07-20,0.0015672736322094316
2023-07-21,7.401181017030467e-05
2023-07-22,-0.013326426075602749
2023-07-23,0.011899149218867144
2023-07-24,-0.02050584255028509
2023-07-25,0.0
2023-07-26,0.00771938890862689
2023-07-27,-0.0057264957264957506
2023-07-28,0.006936086993896806
2023-07-29,0.0033454452323402606
2023-07-30,-0.00992842176914166
2023-07-31,-0.0030347139043608307
2023-08-01,0.0
2023-08-02,-0.017918621595221618
2023-08-03,-0.0
2023-08-04,-0.0
2023-08-05,0.0
2023-08-06,-0.0
2023-08-07,-0.0
2023-08-08,0.0
2023-08-09,-0.0
2023-08-10,-0.0
2023-08-11,-0.0
2023-08-12,0.0
2023-08-13,-0.0
2023-08-14,0.0
2023-08-15,-0.0
2023-08-16,-0.0
2023-08-17,-0.0
2023-08-18,-0.0
2023-08-19,0.0
2023-08-20,0.0
2023-08-21,-0.0
2023-08-22,-0.0
2023-08-23,0.0
2023-08-24,-0.0
2023-08-25,-0.0
2023-08-26,-0.0
2023-08-27,0.0
2023-08-28,-0.0
2023-08-29,0.0
2023-08-30,-0.0
2023-08-31,-0.0
2023-09-01,-0.0
2023-09-02,0.0
2023-09-03,-0.0
2023-09-04,-0.0
2023-09-05,0.0
2023-09-06,-0.0
2023-09-07,0.0
2023-09-08,-0.0
2023-09-09,-0.0
2023-09-10,-0.0
2023-09-11,-0.0
2023-09-12,0.0
2023-09-13,0.0
2023-09-14,0.0
2023-09-15,0.0
2023-09-16,-0.0
2023-09-17,-0.0
2023-09-18,0.0
2023-09-19,0.0
2023-09-20,-0.0
2023-09-21,-0.0
2023-09-22,0.0
2023-09-23,0.0
2023-09-24,-0.0
2023-09-25,0.0
2023-09-26,0.0
2023-09-27,0.0
2023-09-28,0.0
2023-09-29,0.0
2023-09-30,0.002063030375723418
2023-10-01,0.03764460856190399
2023-10-02,-0.04117569025083767
2023-10-03,-0.0033205004812318917
2023-10-04,-0.006216503307421295
2023-10-05,-0.021128642398182906
2023-10-06,0.0
2023-10-07,-0.006966438302037026
2023-10-08,-0.0
2023-10-09,-0.0
2023-10-10,-0.0
2023-10-11,-0.0
2023-10-12,-0.0
2023-10-13,0.0
2023-10-14,0.0
2023-10-15,0.0
2023-10-16,0.0
2023-10-17,-0.0
2023-10-18,-0.0
2023-10-19,0.0
2023-10-20,0.0
2023-10-21,0.0
2023-10-22,0.02133903028963613
2023-10-23,0.061164873474785164
2023-10-24,0.011056608475978003
2023-10-25,0.0012156998957972842
2023-10-26,0.00908149847522588
2023-10-27,-0.013297252936153248
2023-10-28,-0.0017983589974148728
2023-10-29,0.010663213602071897
2023-10-30,0.007743128669630117
2023-10-31,0.003112147879538396
2023-11-01,0.017810400789124214
2023-11-02,-0.025008256677080065
2023-11-03,0.01771990226565978
2023-11-04,0.012456962640024827
2023-11-05,0.019492977785442456
2023-11-06,0.004884469606863728
2023-11-07,-0.008248507325284704
2023-11-08,0.001511719806712053
2023-11-09,0.12350909899794527
2023-11-10,-0.020553240435200903
2023-11-11,-0.011815836590108209
2023-11-12,-0.00413506918569817
2023-11-13,0.0043869945419332534
2023-11-14,-0.036160007791006255
2023-11-15,0.0399567543536139
2023-11-16,-0.04698126773153011
2023-11-17,-0.00048425656422523833
2023-11-18,0.0009077834783406402
2023-11-19,0.024900642005502904
2023-11-20,0.004936688093782227
2023-11-21,-0.04372711981794797
2023-11-22,0.06735609231199002
2023-11-23,-0.000489528453235577
2023-11-24,0.009038890505285835
2023-11-25,0.0010812940927702464
2023-11-26,-0.00996596402459815
2023-11-27,-0.016888664762671368
2023-11-28,0.010180024660912501
2023-11-29,-0.009437831398244279
2023-11-30,0.01141062987662722
2023-12-01,0.017193317608530156
2023-12-02,0.03713037312431733
2023-12-03,0.013031588089100765
2023-12-04,0.02299186027953226
2023-12-05,0.022270066908267383
2023-12-06,-0.02643753842665475
2023-12-07,0.05510368611994454
2023-12-08,0.0012692456266210073
2023-12-09,-0.007728768145434772
2023-12-10,0.005084405402287606
2023-12-11,-0.05410242349270311
2023-12-12,-0.009734306464370346
2023-12-13,0.025732257449647244
2023-12-14,0.024405351833498568
2023-12-15,-0.04095330235129491
2023-12-16,0.0038099527133528266
2023-12-17,-0.014553872658100708
2023-12-18,0.010430134940724312
2023-12-19,-0.01870750598126547
2023-12-20,0.011139119614676618
2023-12-21,0.017001412243378144
2023-12-22,0.0379217810243746
2023-12-23,-0.007029347741918879
2023-12-24,-0.01912745862576881
2023-12-25,0.003224310417172749
2023-12-26,-0.017817597464063084
2023-12-27,0.0661039589758301
2023-12-28,-0.0143797170307145
2023-12-29,-0.019175394066079487
2023-12-30,-0.0032707028531663296
2023-12-31,-0.004280702366822542
2024-01-01,0.030751094497057263
2024-01-02,0.0014030373633102666
2024-01-03,-0.061825468934421535
2024-01-04,0.025971616313379187
2024-01-05,0.0007366206315528867
2024-01-06,-0.012341434603619583
2024-01-07,-0.008639848624139912
2024-01-08,0.049076716694726796
2024-01-09,0.005943083709514019
2024-01-10,0.10241480362924382
2024-01-11,0.01301279223643581
2024-01-12,-0.036466629233654624
2024-01-13,0.022061097148112552
2024-01-14,-0.04085036401506492
2024-01-15,0.01573475354547571
2024-01-16,0.03010613986893751
2024-01-17,-0.02211099945891626
2024-01-18,-0.023468593267699345
2024-01-19,0.008576134951695957
2024-01-20,-0.008021669341893967
2024-01-21,-0.0060517554540636675
2024-01-22,-0.05813882501373613
2024-01-23,-0.0
2024-01-24,-0.0
2024-01-25,-0.0
2024-01-26,0.0
2024-01-27,0.0
2024-01-28,-0.0
2024-01-29,0.0
2024-01-30,0.0
2024-01-31,-0.025552601141267117
2024-02-01,0.0
2024-02-02,0.0
2024-02-03,-0.0
2024-02-04,-0.0
2024-02-05,0.0
2024-02-06,0.0
2024-02-07,0.022110391799851747
2024-02-08,-0.002288565419982569
2024-02-09,0.027695232584571405
2024-02-10,0.0055015764751302765
2024-02-11,0.0027877323776919205
2024-02-12,0.060936259826659844
2024-02-13,-0.0075188252587415905
2024-02-14,0.05106837525899732
2024-02-15,0.017219196990064356
2024-02-16,-0.007365575588378026
2024-02-17,-0.005664215861232225
2024-02-18,0.034196839116560795
2024-02-19,0.022074135776759762
2024-02-20,0.023774110296115092
2024-02-21,-0.01555985285971584
2024-02-22,0.001179285016341458
2024-02-23,-0.016544389849902474
2024-02-24,0.024084264126149835
2024-02-25,0.04008861800028085
2024-02-26,0.020352825139192676
2024-02-27,0.020913493327959554
2024-02-28,0.04340665441221825
2024-02-29,-0.012713192042800858
2024-03-01,0.02794535476588944
2024-03-02,-0.0035037848448926656
2024-03-03,0.01941018296603736
2024-03-04,0.040125465550015615
2024-03-05,-0.020428584029814623
2024-03-06,0.07455433146201784
2024-03-07,0.013138357351797358
2024-03-08,0.0037738190014371398
2024-03-09,0.0056265708046638885
2024-03-10,-0.006847263015305249
2024-03-11,0.0480421403285316
2024-03-12,-0.02087187561503645
2024-03-13,0.006238756168403636
2024-03-14,-0.030735694006427394
2024-03-15,-0.03594043846768158
2024-03-16,-0.05854860389237315
2024-03-17,0.03452083256459515
2024-03-18,-0.03409050377121914
2024-03-19,-0.10277634172806971
2024-03-20,0.11330509333130734
2024-03-21,-0.0067339109861142
2024-03-22,-0.04480581759880897
2024-03-23,-0.0020441500442098803
2024-03-24,0.03767799058725996
2024-03-25,0.03920138466792866
2024-03-26,-0.0008606235482200297
2024-03-27,-0.024012287690287737
2024-03-28,0.016937098529357097
2024-03-29,-0.014253656097896639
2024-03-30,-0.0011681776997726212
2024-03-31,0.03983580744172244
2024-04-01,-0.038814470179327265
2024-04-02,-0.06417032935669853
2024-04-03,0.0
2024-04-04,0.0
2024-04-05,-0.0
2024-04-06,0.0
2024-04-07,0.0
2024-04-08,0.0
2024-04-09,-0.0509444839915445
2024-04-10,0.011193848944355933
2024-04-11,-0.012161415146489718
2024-04-12,-0.0
2024-04-13,-0.0
2024-04-14,0.0
2024-04-15,-0.0
2024-04-16,-0.0
2024-04-17,-0.0
2024-04-18,0.0
2024-04-19,-0.0
2024-04-20,0.0
2024-04-21,-0.0
2024-04-22,0.0
2024-04-23,0.0
2024-04-24,-0.0
2024-04-25,0.0
2024-04-26,-0.0
2024-04-27,0.0
2024-04-28,0.0
2024-04-29,-0.0
2024-04-30,-0.0
2024-05-01,-0.0
2024-05-02,0.0
2024-05-03,0.0
2024-05-04,0.0
2024-05-05,0.0
2024-05-06,-0.0
2024-05-07,-0.0
2024-05-08,-0.0
2024-05-09,0.0
2024-05-10,-0.0
2024-05-11,0.0
2024-05-12,0.0
2024-05-13,0.0
2024-05-14,-0.0
2024-05-15,0.0
2024-05-16,-0.0
2024-05-17,0.0
2024-05-18,0.0
2024-05-19,-0.0
2024-05-20,0.0
2024-05-21,0.034906520872362456
2024-05-22,-0.013687460417986075
2024-05-23,0.012274829910132734
2024-05-24,-0.014623600212495425
2024-05-25,0.005627259755168534
2024-05-26,0.020593397097027122
2024-05-27,0.017705613790255814
2024-05-28,-0.012718849987930714
2024-05-29,-0.020095248251484565
2024-05-30,-0.0051812508792465906
2024-05-31,0.0038368050460122483
2024-06-01,0.014228036647892628
2024-06-02,-0.009148754396171799
2024-06-03,-0.0036631392971533394
2024-06-04,0.011459865253008905
2024-06-05,0.014634287169015936
2024-06-06,-0.013587722679054948
2024-06-07,-0.03543763406460276
2024-06-08,0.0008835555362229908
2024-06-09,0.0067444052401557375
2024-06-10,-0.010400928124325581
2024-06-11,-0.046490450809057116
2024-06-12,0.01795369610531461
2024-06-13,-0.025482287113917423
2024-06-14,0.003574105032570607
2024-06-15,0.024969843184559526
2024-06-16,0.015599343185550119
2024-06-17,-0.031163692849318858
2024-06-18,-0.007985282475095778
2024-06-19,0.022130549861917315
2024-06-20,-0.013321125344402995
2024-06-21,0.0015428057431086106
2024-06-22,-0.006465823504334223
2024-06-23,-0.021408853607952527
2024-06-24,-0.0
2024-06-25,0.0
2024-06-26,-0.0
2024-06-27,0.0
2024-06-28,-0.0
2024-06-29,-0.0
2024-06-30,0.0
2024-07-01,0.0
2024-07-02,-0.0
2024-07-03,-0.0
2024-07-04,-0.0
2024-07-05,-0.0
2024-07-06,0.0
2024-07-07,-0.0
2024-07-08,0.0
2024-07-09,0.0
2024-07-10,0.0
2024-07-11,-0.0
2024-07-12,0.0
2024-07-13,0.0
2024-07-14,0.0
2024-07-15,0.0
2024-07-16,-0.011270630047166663
2024-07-17,-0.0
2024-07-18,0.0
2024-07-19,0.0
2024-07-20,0.003987406986667663
2024-07-21,0.005236673773987288
2024-07-22,-0.02724043530396625
2024-07-23,0.012475287824165626
2024-07-24,-0.04212478930426622
2024-07-25,-0.0
2024-07-26,0.0
2024-07-27,-0.0
2024-07-28,0.0
2024-07-29,0.0
2024-07-30,-0.0
2024-07-31,-0.0
2024-08-01,-0.0
2024-08-02,-0.0
2024-08-03,-0.0
2024-08-04,-0.0
2024-08-05,-0.0
2024-08-06,0.0
2024-08-07,-0.0
2024-08-08,0.0
2024-08-09,-0.0
2024-08-10,0.0
2024-08-11,-0.0
2024-08-12,0.0
2024-08-13,-0.0
2024-08-14,-0.0
2024-08-15,-0.0
2024-08-16,0.0
2024-08-17,0.0
2024-08-18,-0.0
2024-08-19,0.0
2024-08-20,-0.0
2024-08-21,0.0
2024-08-22,-0.0
2024-08-23,0.0
2024-08-24,0.0
2024-08-25,-0.0
2024-08-26,-0.0
2024-08-27,-0.0
2024-08-28,0.0
2024-08-29,-0.0
2024-08-30,-0.0
2024-08-31,-0.0
2024-09-01,-0.0
2024-09-02,0.0
2024-09-03,-0.0
2024-09-04,0.0
2024-09-05,-0.0
2024-09-06,-0.0
2024-09-07,0.0
2024-09-08,0.0
2024-09-09,0.0
2024-09-10,0.0
2024-09-11,-0.0
2024-09-12,0.0
2024-09-13,0.0
2024-09-14,-0.0
2024-09-15,-0.0
2024-09-16,-0.0
2024-09-17,0.0
2024-09-18,0.0
2024-09-19,0.0
2024-09-20,0.0
2024-09-21,0.0199109861794331
2024-09-22,-0.01201959883631909
2024-09-23,0.025559860519178468
2024-09-24,0.002353634533069915
2024-09-25,-0.027608171264887682
2024-09-26,0.020275586736177242
2024-09-27,0.023618487535425725
2024-09-28,-0.007133234116306508
2024-09-29,-0.00657518475185126
2024-09-30,-0.020841956336872802
2024-10-01,-0.059349096736260876
2024-10-02,-0.0
2024-10-03,-0.0
2024-10-04,0.0
2024-10-05,0.0
2024-10-06,0.0
2024-10-07,-0.0
2024-10-08,0.0
2024-10-09,-0.0
2024-10-10,0.0
2024-10-11,0.0
2024-10-12,0.0
2024-10-13,-0.0030245517686965373
2024-10-14,0.06516235909773949
2024-10-15,-0.008510185223915223
2024-10-16,0.0014151974564797776
2024-10-17,-0.0020297958714716735
2024-10-18,0.013957325965154643
2024-10-19,0.002282214997520793
2024-10-20,0.03727437504720199
2024-10-21,-0.029200083002355437
2024-10-22,-0.016458544268196595
2024-10-23,-0.03744076010080788
2024-10-24,0.004440289787333462
2024-10-25,-0.03754209683652632
2024-10-26,0.0
2024-10-27,0.0
2024-10-28,0.023797751016827462
2024-10-29,0.02777821054107532
2024-10-30,0.00772699711990299
2024-10-31,-0.052865722268811144
2024-11-01,-0.0
2024-11-02,-0.0
2024-11-03,-0.0
2024-11-04,-0.0
2024-11-05,0.0
2024-11-06,0.0
2024-11-07,0.06377968088115882
2024-11-08,0.022890929624551415
2024-11-09,0.05552798176753604
2024-11-10,0.018232940205552328
2024-11-11,0.059179256159662685
2024-11-12,-0.03790199876022882
2024-11-13,-0.017461002527899505
2024-11-14,-0.04026782464639356
2024-11-15,0.01019674253470293
2024-11-16,0.013870505273445577
2024-11-17,-0.01815268427990946
2024-11-18,0.04284785435630689
2024-11-19,-0.031286239790510706
2024-11-20,-0.012058157196921049
2024-11-21,0.09310840171076595
2024-11-22,-0.008352677892967675
2024-11-23,0.019872106930145517
2024-11-24,-0.00963785132781958
2024-11-25,0.015854456741639877
2024-11-26,-0.02628796687060142
2024-11-27,0.09882005456082155
2024-11-28,-0.020389896202864355
2024-11-29,0.0037498707663763398
2024-11-30,0.03100876619128612
2024-12-01,0.0010827303164488988
2024-12-02,-0.017313039936778685
2024-12-03,-0.007934852418881144
2024-12-04,0.06177600836627928
2024-12-05,-0.013705768930116324
2024-12-06,0.05644880059177848
2024-12-07,-0.0006626872091366476
2024-12-08,0.0019843752345967136
2024-12-09,-0.0729618021302898
2024-12-10,-0.022561961206896575
2024-12-11,0.056104182457107354
2024-12-12,0.01299646903160645
2024-12-13,0.006489575202042408
2024-12-14,-0.00934524418961813
2024-12-15,0.022944017114996607
2024-12-16,0.006857636477069162
2024-12-17,-0.02338795456369902
2024-12-18,-0.06838153511036449
2024-12-19,-0.05784438072129705
2024-12-20,0.016154474233320837
2024-12-21,-0.038387655124546005
2024-12-22,-0.0
2024-12-23,0.0
2024-12-24,0.0
2024-12-25,0.0010935594501286783
2024-12-26,-0.046311123820417466
2024-12-27,-0.0
2024-12-28,0.0
2024-12-29,-0.0
2024-12-30,0.0
2024-12-31,-0.0
2025-01-01,0.0
2025-01-02,0.0
2025-01-03,0.0
2025-01-04,0.01326402531442139
2025-01-05,-0.005712519962372431
2025-01-06,0.014152954216045677
2025-01-07,-0.08302214267312091
2025-01-08,-0.0
2025-01-09,-0.0
2025-01-10,0.0
2025-01-11,0.0
2025-01-12,-0.0
2025-01-13,-0.0
2025-01-14,0.0
2025-01-15,0.0
2025-01-16,-0.0
2025-01-17,0.0
2025-01-18,-0.0
2025-01-19,-0.0
2025-01-20,0.0
2025-01-21,0.0
2025-01-22,-0.0
2025-01-23,0.0
2025-01-24,-0.0
2025-01-25,0.0
2025-01-26,-0.0
2025-01-27,-0.0
2025-01-28,-0.0
2025-01-29,0.0
2025-01-30,0.0
2025-01-31,0.0
2025-02-01,-0.0
2025-02-02,-0.0
2025-02-03,0.0
2025-02-04,-0.0
2025-02-05,0.0
2025-02-06,-0.0
2025-02-07,-0.0
2025-02-08,0.0
2025-02-09,-0.0
2025-02-10,0.0
2025-02-11,-0.0
2025-02-12,0.0
2025-02-13,-0.0
2025-02-14,0.0
2025-02-15,-0.0
2025-02-16,-0.0
2025-02-17,0.0
2025-02-18,-0.0
2025-02-19,0.0
2025-02-20,0.0
2025-02-21,-0.0
2025-02-22,0.0
2025-02-23,0.0
2025-02-24,-0.0
2025-02-25,-0.0
2025-02-26,-0.0
2025-02-27,-0.0
2025-02-28,-0.0
2025-03-01,-0.0
2025-03-02,0.0
2025-03-03,-0.0
2025-03-04,0.0
2025-03-05,0.0
2025-03-06,-0.0
2025-03-07,-0.0
2025-03-08,0.0
2025-03-09,-0.0
2025-03-10,-0.0
2025-03-11,0.0
2025-03-12,-0.0
2025-03-13,-0.0
2025-03-14,0.0
2025-03-15,0.0
2025-03-16,-0.0
2025-03-17,0.0
2025-03-18,0.0
2025-03-19,0.0
2025-03-20,-0.0
2025-03-21,-0.0
2025-03-22,0.0
2025-03-23,0.0
2025-03-24,0.0
2025-03-25,-0.0
2025-03-26,-0.0
2025-03-27,-0.0
2025-03-28,-0.0
2025-03-29,-0.0
2025-03-30,-0.0
2025-03-31,0.0
2025-04-01,0.0
2025-04-02,-0.0
2025-04-03,0.0
2025-04-04,-0.0
2025-04-05,-0.0
2025-04-06,-0.0
2025-04-07,-0.0
2025-04-08,-0.0
2025-04-09,0.0
2025-04-10,-0.0
2025-04-11,0.0
2025-04-12,0.0
2025-04-13,-0.0
2025-04-14,0.0
2025-04-15,-0.0
2025-04-16,-0.0
2025-04-17,0.0
2025-04-18,0.0
2025-04-19,0.0
2025-04-20,-0.0
2025-04-21,-0.0
2025-04-22,0.0
2025-04-23,0.0
2025-04-24,-0.0
2025-04-25,0.0
2025-04-26,0.0
2025-04-27,-0.01625038442950666
2025-04-28,0.0
2025-04-29,-0.001150076671778244
2025-04-30,-0.0023361756804112233
2025-05-01,0.02481029878290153
2025-05-02,0.002225111663611168
2025-05-03,-0.0047117576810336015
2025-05-04,-0.013449539683232259
2025-05-05,0.0062636135466538345
2025-05-06,-0.0017525642927387342
2025-05-07,-0.003241607044578987
2025-05-08,0.2188050422116823
2025-05-09,0.06235871323146336
2025-05-10,0.1015718281990925
2025-05-11,-0.02657912768123627
2025-05-12,-0.007595732073475969
2025-05-13,0.0738297795605638
2025-05-14,-0.026111034402976574
2025-05-15,-0.02339313494830897
2025-05-16,-0.00453958700351953
2025-05-17,-0.024452922999306237
2025-05-18,0.009171420721754586
2025-05-19,0.012154793456589319
2025-05-20,-0.001562413473937263
2025-05-21,0.010617267321398005
2025-05-22,0.044621891892951515
2025-05-23,-0.05190594486682032
2025-05-24,0.0015436374431030409
2025-05-25,0.008227948150489883
2025-05-26,0.004891777267346686
2025-05-27,0.0378788469789757
2025-05-28,0.007813410202156534
2025-05-29,-0.01872389618138426
2025-05-30,-0.038021729960211026
2025-05-31,-0.0012957563977973319
2025-06-01,0.004410496586315205
2025-06-02,0.026858747405689165
2025-06-03,-0.00538848896030919
2025-06-04,0.005521794120368906
2025-06-05,-0.0742690820959625
2025-06-06,0.02572068881239087
2025-06-07,0.019599369976980086
2025-06-08,-0.005862245160677126
2025-06-09,0.06785320121283123
2025-06-10,0.05084454858532972
2025-06-11,-0.015903280783979512
2025-06-12,-0.04652891279797666
2025-06-13,-0.024013774052560888
2025-06-14,-0.018777213000980897
2025-06-15,0.006658078996032879
2025-06-16,-0.0013502851692370754
2025-06-17,-0.013450359056195293
2025-06-18,0.005996135381183043
2025-06-19,-0.0015366336633664268
2025-06-20,-0.0454678872881894
2025-06-21,-0.0
2025-06-22,-0.0
2025-06-23,0.0
2025-06-24,0.0
2025-06-25,-0.0
2025-06-26,-0.0
2025-06-27,0.0
2025-06-28,0.0
2025-06-29,0.0
2025-06-30,-0.0
2025-07-01,-0.0
2025-07-02,0.0
2025-07-03,0.00810765597706209
2025-07-04,-0.03211191509889055
2025-07-05,0.0
2025-07-06,0.0
2025-07-07,-0.01091680121384242
2025-07-08,0.028698535572259765
2025-07-09,0.058690373769238136
2025-07-10,0.06593251804069733
2025-07-11,0.0023481257348481055
2025-07-12,-0.005050334322666883
2025-07-13,0.009768013916446883
2025-07-14,0.013993802215993778
2025-07-15,0.04123612134243859
2025-07-16,0.07440031358651833
2025-07-17,0.03129903451139748
2025-07-18,0.020147431454152764
2025-07-19,0.012712437833387824
2025-07-20,0.04584619753285768
2025-07-21,0.0015013216421901898
2025-07-22,-0.004284578971009978
2025-07-23,-0.03147714623579567
2025-07-24,0.0216768780885761
2025-07-25,0.004861152325098317
2025-07-26,0.004332932434173653
2025-07-27,0.03501643901526297
2025-07-28,-0.01887864466310274
2025-07-29,-0.001371413529876242
2025-07-30,0.004272772082798415
2025-07-31,-0.029293963254593214
2025-08-01,-0.056832838072783054
2025-08-02,-0.027022533111633495
2025-08-03,0.0302892803054855
2025-08-04,0.06413116216819104
2025-08-05,-0.029290592019865613
2025-08-06,0.019742524916943616
2025-08-07,0.06162934968818812
2025-08-08,0.025366275308095876
2025-08-09,0.0626312507793989
2025-08-10,-0.0023588116283546068
2025-08-11,-0.006434431146881359
2025-08-12,0.08697155251206423
2025-08-13,0.03458867404999855
2025-08-14,-0.042629440128018836
2025-08-15,-0.023614202391111117
2025-08-16,-0.0039374069427207115
2025-08-17,0.011384014889224137
2025-08-18,-0.03562796126403911
2025-08-19,-0.05504302119875071
2025-08-20,0.06393430153670998
2025-08-21,-0.025566399763846226
2025-08-22,0.14360400444938803
2025-08-23,-0.011107041081772406
2025-08-24,0.000366231374518744
2025-08-25,-0.0845099003169355
2025-08-26,0.05128902376044864
2025-08-27,-0.020414595392370227
2025-08-28,0.0009985111089907406
2025-08-29,-0.033478822754870574
2025-08-30,0.003100789416950578
2025-08-31,0.004145231725998677
2025-09-01,-0.017607694286891795
2025-09-02,0.002781318808668498
2025-09-03,0.028651334797180184
2025-09-04,-0.03435824611388483
2025-09-05,0.002303638119393492
2025-09-06,-0.00796526947497933
2025-09-07,0.007734359276784675
2025-09-08,4.180029213762815e-05
2025-09-09,0.0008638365955551119
2025-09-10,0.00910189810421591
2025-09-11,0.025176349406343945
2025-09-12,0.05681772307471489
2025-09-13,-0.009683457268004458
2025-09-14,-0.013294675058341032
2025-09-15,-0.01753722996466489
2025-09-16,-0.004962707847931069
2025-09-17,0.01982542782180219
2025-09-18,-0.000625200140288773
2025-09-19,-0.025954408129634676
2025-09-20,0.002647367514137633
2025-09-21,-0.00791220465938458
2025-09-22,-0.05531870856271248
2025-09-23,-0.0
2025-09-24,-0.0
2025-09-25,-0.0
2025-09-26,0.0
2025-09-27,-0.0
2025-09-28,0.0
2025-09-29,0.0
2025-09-30,-0.0
2025-10-01,0.0
2025-10-02,0.0
2025-10-03,0.006359896083044214
2025-10-04,-0.005699255684298521
2025-10-05,0.006055068361877858
2025-10-06,0.037589271473887687
2025-10-07,-0.05045036197617003
2025-10-08,0.01754165074083236
2025-10-09,-0.034829817134069296
2025-10-10,-0.0
2025-10-11,-0.0
2025-10-12,0.0
2025-10-13,0.0
2025-10-14,-0.0
2025-10-15,-0.0
2025-10-16,-0.0
2025-10-17,-0.0
2025-10-18,0.0
2025-10-19,0.0
2025-10-20,-0.0
2025-10-21,-0.0
2025-10-22,-0.0
2025-10-23,0.0
2025-10-24,0.0
2025-10-25,0.0
2025-10-26,0.0
2025-10-27,-0.0
2025-10-28,-0.0
2025-10-29,-0.0
2025-10-30,-0.0
2025-10-31,0.0
2025-11-01,0.0
2025-11-02,0.0
2025-11-03,-0.0
2025-11-04,-0.0
2025-11-05,0.0
2025-11-06,-0.0
2025-11-07,0.0
2025-11-08,-0.0
2025-11-09,0.0
2025-11-10,-0.0
2025-11-11,-0.0
2025-11-12,-0.0
2025-11-13,-0.0
2025-11-14,-0.0
2025-11-15,0.0
2025-11-16,-0.0
2025-11-17,-0.0
2025-11-18,0.0
2025-11-19,-0.0
2025-11-20,-0.0
2025-11-21,-0.0
2025-11-22,0.0
2025-11-23,0.0
2025-11-24,0.0
2025-11-25,0.0
2025-11-26,0.0
2025-11-27,-0.0
2025-11-28,0.0
2025-11-29,-0.0
2025-11-30,0.0
2025-12-01,-0.0
2025-12-02,0.0
2025-12-03,0.0
2025-12-04,-0.0
2025-12-05,-0.0
2025-12-06,0.0
2025-12-07,0.0
2025-12-08,0.0
2025-12-09,0.0
2025-12-10,0.0
2025-12-11,-0.0
2025-12-12,-0.0
2025-12-13,0.0
2025-12-14,-0.0
2025-12-15,-0.0
2025-12-16,-0.0
2025-12-17,-0.0
2025-12-18,-0.0
2025-12-19,0.0
2025-12-20,-0.0
2025-12-21,0.0
2025-12-22,0.0
2025-12-23,-0.0
2025-12-24,-0.0
2025-12-25,-0.0
2025-12-26,0.0
2025-12-27,0.0
2025-12-28,0.0
2025-12-29,-0.0
2025-12-30,0.0
2025-12-31,-0.0
2026-01-01,0.0
2026-01-02,0.0
2026-01-03,0.0005311235182134943
2026-01-04,0.0056250019986503474
2026-01-05,0.025531847235030325
2026-01-06,0.022279138850042957
2026-01-07,-0.03886145521165729
2026-01-08,-0.01958835113231827
2026-01-09,-0.005874495034844607
2026-01-10,-0.0005439709882140153
2026-01-11,0.011899362430022764
2026-01-12,-0.008868398725767945
2026-01-13,0.07431801663571025
2026-01-14,0.008749721873101857
2026-01-15,-0.010799065253418894
2026-01-16,-0.0067526644549505965
2026-01-17,0.0043321562488622956
2026-01-18,-0.008013749939587145
2026-01-19,-0.02876953012000505
2026-01-20,-0.07827749996080957
2026-01-21,0.0
2026-01-22,-0.0
2026-01-23,0.0
2026-01-24,-0.0
2026-01-25,-0.0
2026-01-26,0.0
2026-01-27,0.0
2026-01-28,-0.0
2026-01-29,-0.0
2026-01-30,-0.0
2026-01-31,-0.0
2026-02-01,-0.0
2026-02-02,0.0
2026-02-03,-0.0
2026-02-04,-0.0
2026-02-05,-0.0
2026-02-06,0.0
2026-02-07,0.0
2026-02-08,0.0
2026-02-09,0.0
2026-02-10,-0.0
2026-02-11,-0.0
2026-02-12,0.0
2026-02-13,0.0
2026-02-14,0.0
2026-02-15,-0.0
2026-02-16,0.0
2026-02-17,-0.0
2026-02-18,-0.0
2026-02-19,-0.0
2026-02-20,0.0
2026-02-21,0.0
2026-02-22,-0.0
2026-02-23,-0.0
2026-02-24,-0.0
2026-02-25,0.0
2026-02-26,-0.0
2026-02-27,-0.0
2026-02-28,0.0
2026-03-01,-0.0
2026-03-02,0.0
2026-03-03,-0.0
2026-03-04,0.0
2026-03-05,-0.0
2026-03-06,-0.0
2026-03-07,-0.0
2026-03-08,-0.0
2026-03-09,0.0
2026-03-10,0.0
2026-03-11,0.0
2026-03-12,0.0
2026-03-13,0.0
2026-03-14,0.0
2026-03-15,0.0
2026-03-16,0.08018638387733534
2026-03-17,-0.015121314763894111
2026-03-18,-0.049193273467133314
2026-03-19,-0.029763228479751658
2026-03-20,0.003933932388752837
2026-03-21,-0.028585140386353625
2026-03-22,-0.014859439677294084
2026-03-23,0.047782500523397164
2026-03-24,0.001951645655497325
2026-03-25,0.005931649221094126
2026-03-26,-0.050064084240809326
2026-03-27,-0.032847512412457536
2026-03-28,0.0
2026-03-29,-0.0
2026-03-30,0.0
2026-03-31,0.0
2026-04-01,0.01658568558441753
2026-04-02,-0.038862802812624
2026-04-03,-0.0016235896887472068
2026-04-04,0.005691805066631694
2026-04-05,0.021616832565165334
2026-04-06,-0.0014264253590944298
2026-04-07,0.06304694470282302
2026-04-08,-0.022325793188423315
2026-04-09,9.13242009130677e-05
2026-04-10,0.025043375034243587
2026-04-11,0.01779024966036369
2026-04-12,-0.04084919408837662
2026-04-13,0.08113065498596939
2026-04-14,-0.019844183906881696
2026-04-15,0.016151116928747156
2026-04-16,-0.004991631178626554
2026-04-17,0.030163914878394538
2026-04-18,-0.028391897478296735
2026-04-19,-0.03703750978590159
2026-04-20,0.02234819531032528
2026-04-21,0.005743673963307883
2026-04-22,0.020166384489115563
2026-04-23,-0.018453541807950002
2026-04-24,-0.006552916841897627
2026-04-25,0.0019481725623005097
2026-04-26,0.021530502263418905
2026-04-27,-0.02775761361334328
2026-04-28,-0.006185781817708236
2026-04-29,-0.015951638406233926
2026-04-30,0.0020462514980692514
2026-05-01,0.016885860970715427
2026-05-02,0.009295923123499694
2026-05-03,0.0024514775763173624
2026-05-04,0.010552601554258967
2026-05-05,0.005798496906900263
2026-05-06,-0.00420625473891989
2026-05-07,-0.025429208282996774
2026-05-08,0.006983666948923162
2026-05-09,0.008400301682661038
2026-05-10,0.01926978559515824
2026-05-11,-0.013241849304381215
2026-05-12,-0.027740857398060537
2026-05-13,-0.007169356823856221
2026-05-14,0.010891461713855577
2026-05-15,-0.02566079053980075
2026-05-16,-0.0
2026-05-17,-0.0
2026-05-18,-0.0
2026-05-19,-0.0
2026-05-20,0.0
2026-05-21,0.0
2026-05-22,-0.0
2026-05-23,0.0
2026-05-24,-0.0
2026-05-25,0.0
2026-05-26,-0.0
2026-05-27,-0.0
2026-05-28,-0.0
2026-05-29,0.0
2026-05-30,0.0
2026-05-31,-0.0
2026-06-01,-0.0
2026-06-02,-0.0
2026-06-03,-0.0
